CustomerID,CustomerName,CustomerLoc
1,"Benjamin Barker",Iowa
2,"Raymond Jackson","North Carolina"
3,"Matthew Sutton","North Carolina"
4,"Sara Larson","North Carolina"
5,"Derek Vargas",Wyoming
6,"Angela Burgess","North Carolina"
7,"Scott Thompson","North Carolina"
8,"Mary May","North Carolina"
9,"Wendy Riley","North Carolina"
10,"Mark Andrews","North Carolina"
11,"Casey Hall","North Carolina"
12,"Jennifer White",Iowa
13,"Kenneth Newton","North Carolina"
14,"Corey Hart","North Carolina"
15,"Amanda Waters","North Carolina"
16,"Lonnie Nelson",Georgia
17,"David Smith",Hawaii
18,"Michelle Dennis","West Virginia"
19,"Nathan Davenport","North Carolina"
20,"Sergio Holland","North Carolina"
21,"Stephen Le","North Carolina"
22,"Jeffrey Phillips","North Carolina"
23,"Justin Smith",Nebraska
24,"Christopher Pham","North Carolina"
25,"Crystal Young","North Carolina"
26,"Alexander Howard","New Mexico"
27,"Sarah Green","North Carolina"
28,"Anthony Kaiser",California
29,"James Bryant","North Carolina"
30,"Kristin Collins","North Carolina"
31,"Melanie Smith","North Carolina"
32,"Erin Clark",Louisiana
33,"Ruth Adams","North Carolina"
34,"Steven Greer","North Carolina"
35,"Michael Burns","North Carolina"
36,"David Blackwell","North Carolina"
37,"Kenneth Hall","North Carolina"
38,"Leah Davis","North Carolina"
39,"Caitlin Walters",Pennsylvania
40,"Patricia Martinez",Mississippi
41,"Sherry Diaz","North Carolina"
42,"Michelle Jackson","North Carolina"
43,"Katelyn Thompson","North Carolina"
44,"Jeffery Taylor",Idaho
45,"Patricia Lam","New Hampshire"
46,"Julie Mitchell","North Carolina"
47,"Bonnie Collins","North Carolina"
48,"Pamela Myers","North Carolina"
49,"Deborah Jensen",Oregon
50,"Ashley Padilla","North Carolina"
51,"Danielle Henry","North Carolina"
52,"Anthony Williams",Hawaii
53,"Oscar Smith","North Dakota"
54,"Rachel Reynolds",Oregon
55,"Jessica Curtis","North Carolina"
56,"David Hull","North Carolina"
57,"Cheryl Davis",Florida
58,"Lisa Rodriguez","North Carolina"
59,"Sarah Greene","North Carolina"
60,"Jose Thomas","North Carolina"
61,"Wesley Barnes","North Carolina"
62,"Mr. Eric Bell DVM","North Carolina"
63,"William Blevins","North Carolina"
64,"Jay Fitzgerald",Georgia
65,"Eric Thornton","North Carolina"
66,"Sheila Flores",Iowa
67,"Jason Gomez","Rhode Island"
68,"Alexander Lucas",Missouri
69,"Michael Campbell","North Carolina"
70,"Chad Gallegos","North Carolina"
71,"Timothy Crane","North Carolina"
72,"Dwayne Ramirez","North Carolina"
73,"Kenneth Barton","North Carolina"
74,"Jordan Keith DVM","North Carolina"
75,"Paula Rivera",Tennessee
76,"Joshua Lee",Missouri
77,"Matthew Deleon",Mississippi
78,"John Mcdowell",Wisconsin
79,"David Hampton","North Carolina"
80,"William Lopez","North Carolina"
81,"Jonathan Schneider","North Carolina"
82,"Samantha Smith","North Carolina"
83,"Jacqueline Brown","North Carolina"
84,"Shawn Porter","North Carolina"
85,"Pamela Ross","New York"
86,"Dean Williams","North Carolina"
87,"Nathan Wade",Indiana
88,"Kristin Austin","New Hampshire"
89,"Karen Sanders","North Carolina"
90,"Gina Richards","North Carolina"
91,"Adam Fuentes","North Carolina"
92,"Cody Shaw",Hawaii
93,"Christina Clark",Alaska
94,"Dan Malone","North Carolina"
95,"Rachel Baker","North Carolina"
96,"Kathryn Martin","North Carolina"
97,"Cynthia Rivers","North Carolina"
98,"Donna Hill","North Carolina"
99,"Michael White",Oregon
100,"Alex Norton",Connecticut
101,"Ellen Brown","North Carolina"
102,"Jose Sullivan",Kentucky
103,"Toni Miller",Washington
104,"Courtney Walls",Arizona
105,"Nicholas Bonilla",Illinois
106,"Brenda Hamilton",Idaho
107,"Gina Butler","North Carolina"
108,"Jessica Choi","North Carolina"
109,"Tracy Curtis","New York"
110,"Lauren Fowler","North Carolina"
111,"Jeremy Davis",Tennessee
112,"Kevin Cross","North Carolina"
113,"Sandra Norris",Minnesota
114,"Mrs. Jacqueline Jimenez",Connecticut
115,"Julia White","North Carolina"
116,"Jennifer Henderson","North Carolina"
117,"Anthony Harrell","North Carolina"
118,"Lisa Maxwell","North Carolina"
119,"Timothy Mayer","North Carolina"
120,"Charles Bennett",Illinois
121,"Roy Valenzuela","North Carolina"
122,"Courtney Walker","North Carolina"
123,"Jon Barron","North Carolina"
124,"Donald Anthony","South Dakota"
125,"George Jones","North Carolina"
126,"Jennifer Jenkins","North Carolina"
127,"Mrs. Tracy Miller","North Carolina"
128,"George Rodgers",Arizona
129,"Renee Roberts",Maine
130,"Pamela Thomas","North Carolina"
131,"Dr. Patrick Peterson","North Carolina"
132,"Travis Morrison",Hawaii
133,"Christopher Green","North Carolina"
134,"Michelle Anderson","North Carolina"
135,"Kenneth Le",Michigan
136,"Rebecca Sullivan","South Carolina"
137,"Stephen Curtis","North Carolina"
138,"Janet Silva","North Carolina"
139,"Trevor Thomas","North Carolina"
140,"Christy Gutierrez","New Mexico"
141,"Eddie Johnson","North Carolina"
142,"Justin Watson","North Carolina"
143,"Peter Guzman",Idaho
144,"Margaret Johns","North Carolina"
145,"Bradley Parker","North Carolina"
146,"Peggy Rogers","West Virginia"
147,"Amy Kelly","North Carolina"
148,"Theresa Miller MD","North Carolina"
149,"Paul Miller","North Carolina"
150,"Daniel Johnson","North Carolina"
151,"Toni Roman","North Carolina"
152,"Laura Tucker",Georgia
153,"Tammy White","North Carolina"
154,"Brian Clayton","North Carolina"
155,"Kenneth Jones","North Carolina"
156,"Dorothy Cole","South Dakota"
157,"Jonathan Bailey","North Carolina"
158,"Mindy Smith","North Carolina"
159,"Paul Blake",Alabama
160,"Brandon Melton","North Carolina"
161,"Benjamin Joseph","North Carolina"
162,"Ashley Reed","North Carolina"
163,"Noah Munoz","West Virginia"
164,"Olivia Curtis","North Carolina"
165,"Shannon Cannon","North Carolina"
166,"Jenny Nichols","North Carolina"
167,"William Young","North Carolina"
168,"Eric Alvarado","North Carolina"
169,"Alexander Williams","North Carolina"
170,"Gloria Lowe","North Carolina"
171,"Rebecca Adams","North Carolina"
172,"Briana Rogers","North Carolina"
173,"Angela Middleton","North Carolina"
174,"Roberto Foster",Georgia
175,"Karen Hernandez","North Carolina"
176,"Corey Green",Colorado
177,"Meghan Graham","North Carolina"
178,"Katie Barrett","North Carolina"
179,"Robert Rodriguez","North Carolina"
180,"Sierra Moore","North Carolina"
181,"Johnny Martin","North Carolina"
182,"Elizabeth Lopez","North Carolina"
183,"Paul Swanson","North Carolina"
184,"John Glass","Rhode Island"
185,"Lauren Reid","North Carolina"
186,"Allen Thompson","North Carolina"
187,"Ashley Mooney","North Carolina"
188,"Jeanne Dougherty","New York"
189,"Jennifer Bass","North Carolina"
190,"John Vargas","North Carolina"
191,"Scott Brennan","West Virginia"
192,"Taylor Gentry",Minnesota
193,"Brandon Davis","North Carolina"
194,"Arthur James","North Carolina"
195,"Michael Compton","North Carolina"
196,"Sandra Winters","North Carolina"
197,"Carolyn Hill","New York"
198,"Robert Carrillo",Florida
199,"Robin Miller","North Carolina"
200,"Joyce Lewis",Hawaii
201,"Crystal Watts","North Carolina"
202,"Thomas Brooks",Massachusetts
203,"James Fields","New York"
204,"Amanda Flores","North Carolina"
205,"Kimberly Coleman",Utah
206,"Jason Weaver",Arkansas
207,"Michael Jones","West Virginia"
208,"Tracy Luna","North Carolina"
209,"Martha Smith","North Carolina"
210,"Dylan Torres","South Carolina"
211,"Donna Smith","North Carolina"
212,"Gregory Martinez","North Carolina"
213,"Tanya Herrera",Louisiana
214,"Paul Horton","North Carolina"
215,"Taylor King",Minnesota
216,"Lisa Booth",Minnesota
217,"Kelly Floyd",Georgia
218,"Scott Matthews","North Carolina"
219,"Kelly Wheeler","North Carolina"
220,"Tristan Sullivan",Montana
221,"David Norton","North Carolina"
222,"Nancy Krueger","North Carolina"
223,"Jill Lynn",Missouri
224,"Kenneth Barrett","North Carolina"
225,"Amy Golden",Texas
226,"Eric Morrow","North Carolina"
227,"Benjamin Cameron","North Carolina"
228,"Marissa Dickerson","New Mexico"
229,"Thomas Green","North Carolina"
230,"Krystal Gonzalez","New Jersey"
231,"Mary Ray","North Carolina"
232,"Gregory Davis","North Carolina"
233,"Jennifer Lawson",Pennsylvania
234,"Anna Cunningham","North Carolina"
235,"Kelly Owen",Wyoming
236,"Casey Love","North Carolina"
237,"Donald Sullivan","North Carolina"
238,"Adrian Scott","North Carolina"
239,"Marissa Thomas","North Carolina"
240,"Patrick Allen","North Carolina"
241,"Tanya Bryant",Montana
242,"Shane Key","North Carolina"
243,"Melvin Green","North Carolina"
244,"Andrew Johnson",Oklahoma
245,"Cory Murphy","New Jersey"
246,"Victoria Wise","North Carolina"
247,"Andrew Carlson","North Carolina"
248,"Shawn Warner",Arkansas
249,"Richard James",Kansas
250,"Amanda Diaz","North Carolina"
251,"Sharon Weeks",Washington
252,"Kristin Fischer","North Carolina"
253,"Peter Ruiz","North Carolina"
254,"Joshua Stewart","North Carolina"
255,"Elizabeth Madden",Oklahoma
256,"Anthony Morgan","North Carolina"
257,"Christopher Castro","North Carolina"
258,"Steven Berry","North Carolina"
259,"Robert Jordan",Nevada
260,"Carlos Perez","North Carolina"
261,"Theresa Hamilton","North Carolina"
262,"Elizabeth Fritz","North Carolina"
263,"Mr. Henry Washington","North Carolina"
264,"Gabriel Ortiz","North Carolina"
265,"David Ingram","North Carolina"
266,"Derek Carroll","North Carolina"
267,"April Cooper","North Carolina"
268,"Melanie Miller","North Carolina"
269,"Matthew Saunders","New Hampshire"
270,"Kevin Payne","North Carolina"
271,"Shannon Bennett","South Carolina"
272,"John Clay","North Carolina"
273,"Linda Thomas","North Carolina"
274,"Crystal Rivas","North Carolina"
275,"Tammy Silva","North Carolina"
276,"Jordan Simmons",Georgia
277,"James Jones",Arizona
278,"Scott Martin","New York"
279,"Heather Ingram",Oklahoma
280,"Kenneth Kerr","North Carolina"
281,"Mrs. Amber Harrell",Georgia
282,"Cynthia Moss","North Carolina"
283,"James Ward",Utah
284,"Jessica Carson","North Carolina"
285,"Christopher Davis","North Carolina"
286,"Ronnie Smith","North Carolina"
287,"Jennifer Garcia","North Carolina"
288,"Brian Hughes",Maine
289,"Dr. Karen Allison MD","North Carolina"
290,"Christopher King","North Carolina"
291,"Ann Cantrell","North Carolina"
292,"Steven Ochoa","North Carolina"
293,"Jennifer Parker","Rhode Island"
294,"Andrea Holloway","North Carolina"
295,"Erin Turner","North Carolina"
296,"Frances Herrera",Iowa
297,"Reginald Miller",Texas
298,"Edward Webb","North Carolina"
299,"Brian Jackson",Michigan
300,"Michael Norman",Arizona
301,"Andrew Tucker","North Carolina"
302,"Joe Gonzalez",Iowa
303,"Gregory Brooks","South Dakota"
304,"Heather Davis","North Carolina"
305,"Suzanne Harvey","North Carolina"
306,"Benjamin Jones","North Carolina"
307,"Lisa Thomas","North Carolina"
308,"Brett Brady","North Carolina"
309,"Ronald Davis","South Carolina"
310,"Christopher Miller",Connecticut
311,"Dale Vargas","North Carolina"
312,"Mark Castillo","North Carolina"
313,"Connie Long","North Carolina"
314,"Susan Cohen","North Carolina"
315,"Kevin Coleman","North Carolina"
316,"Steven Kirk DDS","North Carolina"
317,"Joshua Wilcox","North Carolina"
318,"Brian Ortiz",Vermont
319,"Brittany West","North Carolina"
320,"Amy Barnett","North Carolina"
321,"Zachary Morales","South Carolina"
322,"Rita Smith","North Carolina"
323,"David Davies","New Jersey"
324,"Robin Holloway","North Carolina"
325,"Margaret Cherry","North Carolina"
326,"Heather Anderson","North Carolina"
327,"Robert Green","North Carolina"
328,"Robert Murphy","North Carolina"
329,"Brittany Williams",Louisiana
330,"Philip Livingston","North Carolina"
331,"Gabriel Acevedo","North Carolina"
332,"Nicholas Bryant","North Dakota"
333,"Cory Mejia","North Carolina"
334,"Cassandra Rich","North Carolina"
335,"Claudia Anderson",Florida
336,"Gwendolyn Graham","North Carolina"
337,"Casey Fisher","North Carolina"
338,"Jesse Duke","North Carolina"
339,"James Allen","North Carolina"
340,"Manuel Kramer MD","North Carolina"
341,"Lisa Kim","North Carolina"
342,"Dr. Christopher Rosario","North Carolina"
343,"Joshua Herring",Nevada
344,"Richard Wilkins","North Carolina"
345,"Mark King","North Carolina"
346,"Jason Villa","North Carolina"
347,"Terry Lindsey",Vermont
348,"Judy Meyer","North Carolina"
349,"Mr. Justin Cox Jr.","North Carolina"
350,"Wayne Johnston",Texas
351,"Nicole Johnson","North Carolina"
352,"James Miller","North Carolina"
353,"Alex Johnston","North Carolina"
354,"Kristen Boyle","North Carolina"
355,"Ryan Owen","North Carolina"
356,"Kristin Gates","North Carolina"
357,"Joseph Hensley","North Carolina"
358,"Victoria Guzman",Texas
359,"Robert Hammond",Oregon
360,"Joseph Allison","North Carolina"
361,"Mallory Sullivan","North Carolina"
362,"Kevin Harper","North Carolina"
363,"Stephen Reyes","North Carolina"
364,"Kathryn Harris",Hawaii
365,"Cheryl Woods","North Carolina"
366,"Jason Sutton","North Carolina"
367,"Douglas Pope","North Carolina"
368,"Christine Mann","North Carolina"
369,"Desiree Martinez","North Carolina"
370,"Ryan Reid","North Carolina"
371,"Glenda Garcia","North Carolina"
372,"James Hamilton","North Carolina"
373,"Allison Smith","North Carolina"
374,"Jose Faulkner",Montana
375,"Christopher Bush",Idaho
376,"Douglas Powell","North Carolina"
377,"Alexis Lewis","North Carolina"
378,"David Johnson","North Carolina"
379,"Scott Byrd","South Carolina"
380,"Sharon Smith","North Carolina"
381,"Penny Martin",Arizona
382,"Tony Strickland","North Carolina"
383,"Nicholas Jefferson","North Carolina"
384,"Linda Caldwell","North Carolina"
385,"Traci Solis",Missouri
386,"Trevor Ford","North Carolina"
387,"Mark Johnson","North Carolina"
388,"Michael Gilbert","North Carolina"
389,"Thomas Franklin",Louisiana
390,"Patricia Mooney",Louisiana
391,"Devin Floyd","North Carolina"
392,"Joshua Lawson",Nebraska
393,"Robert Martinez","North Carolina"
394,"Ian Ellis","North Carolina"
395,"Christopher Li","North Carolina"
396,"Joseph Jefferson","North Carolina"
397,"Dr. Evan Graham MD",Pennsylvania
398,"Teresa Jimenez","North Carolina"
399,"Ms. Cindy King",Utah
400,"Kevin Young","North Carolina"
401,"Jessica Mcguire","North Carolina"
402,"Daniel Flores","North Carolina"
403,"Erik Cole","North Carolina"
404,"Paige Davis","North Carolina"
405,"Rebecca Wells","North Carolina"
406,"Linda Collins","North Carolina"
407,"Amber Green","North Carolina"
408,"Diana Boyd","North Carolina"
409,"Alexis Rodriguez",Tennessee
410,"Kayla Robertson","West Virginia"
411,"Lindsay Rogers",Michigan
412,"Laura West","North Carolina"
413,"James Pennington","North Carolina"
414,"Diane Martin",Washington
415,"Derek Burke",Massachusetts
416,"Jason May","North Carolina"
417,"Charles Hunt","New Jersey"
418,"Tyler Bennett","North Carolina"
419,"Michelle Williams","North Carolina"
420,"Leslie Fields","North Carolina"
421,"Brandon Graves","North Carolina"
422,"Cody Fowler","North Carolina"
423,"Luis Mccarty","North Carolina"
424,"Charles Lopez",Kentucky
425,"Christopher Navarro","South Carolina"
426,"Kristen Armstrong","North Carolina"
427,"Teresa Hawkins","North Carolina"
428,"Christopher Rivera","New Mexico"
429,"Michael Pitts","North Carolina"
430,"Frederick Lewis","North Carolina"
431,"Aaron Roberson",Massachusetts
432,"Mary Riley","North Carolina"
433,"Laurie Mason","North Carolina"
434,"Sherry James MD","North Carolina"
435,"Larry Garcia Jr.",Maine
436,"Christian West","North Carolina"
437,"Andrew Powell","North Dakota"
438,"Jennifer Schultz","North Carolina"
439,"Charles Anderson","South Carolina"
440,"Holly Villa","North Carolina"
441,"Thomas Adams",Texas
442,"Jaime Taylor",Pennsylvania
443,"Sharon Clark","North Carolina"
444,"Karen Colon","South Carolina"
445,"Mark Morgan","North Carolina"
446,"Jason Harris","North Carolina"
447,"Tina Sullivan","North Carolina"
448,"William Brown","North Carolina"
449,"Crystal Williams",Georgia
450,"Mrs. Carrie Randolph","North Carolina"
451,"Cindy Moore","North Carolina"
452,"Monique Oneal","North Carolina"
453,"Rhonda Alexander","North Carolina"
454,"Jennifer Pugh","North Carolina"
455,"Miranda Carr","North Carolina"
456,"Daniel Guzman","North Carolina"
457,"Victoria Hartman","North Carolina"
458,"Kendra Parker","North Carolina"
459,"Megan Bowman MD","North Carolina"
460,"Shelly Brewer MD","North Carolina"
461,"Nathan Dickerson",Iowa
462,"Michael Christian","North Carolina"
463,"Andrew Ross","New York"
464,"Tyler Mooney","North Carolina"
465,"Heidi Buckley","North Carolina"
466,"Rebecca Williams","West Virginia"
467,"Scott Perez",Oklahoma
468,"Kimberly Wood","North Dakota"
469,"Nathan Morrison","North Carolina"
470,"Wanda Thomas","North Carolina"
471,"Pamela Cook",Wisconsin
472,"Hailey Sloan","North Carolina"
473,"Bethany Archer",Florida
474,"Carolyn Estrada",Kansas
475,"Anne Stewart","West Virginia"
476,"Rodney Young DVM","North Carolina"
477,"Amanda Woods","North Dakota"
478,"Kim Garcia",Kansas
479,"Kerri Richardson","New York"
480,"Rita Jones","North Carolina"
481,"Christina Garcia","North Carolina"
482,"Rebecca Patton",Oklahoma
483,"Nathaniel Johnson","North Carolina"
484,"Angela Adams","North Carolina"
485,"Haley Mason","North Carolina"
486,"Janet Johnson","North Carolina"
487,"Shaun Mullins II","North Carolina"
488,"Makayla Daniel","North Carolina"
489,"Javier Johnson",Connecticut
490,"George Jennings","North Carolina"
491,"Scott Moore",Delaware
492,"Kimberly Brown","North Carolina"
493,"Paul Gross","North Carolina"
494,"Carrie Carr","North Carolina"
495,"Catherine Smith","North Carolina"
496,"Robert Douglas","North Carolina"
497,"Christopher Mcdonald","North Carolina"
498,"Michael Turner","New Hampshire"
499,"Patricia Walker",Vermont
500,"Kimberly Kemp","North Carolina"
501,"Daniel Hardin","North Carolina"
502,"Clinton Nelson","North Carolina"
503,"Jose Mccormick","North Carolina"
504,"Katie Rhodes",Indiana
505,"Eric Clark","North Carolina"
506,"Brenda Hayes","North Carolina"
507,"Jennifer Stein",Alabama
508,"Katherine Wolfe","North Carolina"
509,"Daniel Moore","North Carolina"
510,"David Cooper",Connecticut
511,"Christopher Stewart","North Carolina"
512,"Kimberly Pena","North Carolina"
513,"Lori Schroeder","North Carolina"
514,"Daniel Garcia","North Carolina"
515,"Michelle Gonzalez",Colorado
516,"Gregory Garrett","North Carolina"
517,"Stephen Delgado",Mississippi
518,"Mariah Mckee",Georgia
519,"Lynn Walker",Minnesota
520,"James Richardson",Texas
521,"Bill Harrison MD",Indiana
522,"Jose Carney","North Carolina"
523,"Patricia Lucas MD",Virginia
524,"Craig Reid",Vermont
525,"Christopher Ferguson",Wisconsin
526,"Charles Anderson","North Carolina"
527,"Heather Ramirez",Arkansas
528,"Chelsea Anderson","North Carolina"
529,"Matthew Beck","North Carolina"
530,"Nicholas Owens",Idaho
531,"Katie Martinez","North Carolina"
532,"Karen Torres",Iowa
533,"Angel Bowers","North Carolina"
534,"Jonathan Wilkinson","North Carolina"
535,"Sara Riddle",Arizona
536,"Rebecca Coleman","North Carolina"
537,"Jason Small",Massachusetts
538,"Melissa Houston","North Carolina"
539,"Cynthia Mccarthy","North Carolina"
540,"Bryan Smith","North Carolina"
541,"Rodney Walker","North Carolina"
542,"Natalie Edwards","North Carolina"
543,"Johnny Hunt","North Carolina"
544,"Linda Campbell MD","North Carolina"
545,"Russell Hughes","North Carolina"
546,"Sylvia Franco","North Carolina"
547,"Shawn Cuevas","North Carolina"
548,"Michael Brewer","North Carolina"
549,"Dakota Bryant",Montana
550,"Debra Sanders","North Carolina"
